{
  "model_names": [
    "lightgbm_simple_fe",
    "lightgbm_original",
    "random_forest_original",
    "extra_trees_original",
    "hgb_original",
    "hgb_simple_fe",
    "xgboost_simple_fe",
    "gradient_boosting_fe"
  ],
  "stable_weights": {
    "lightgbm_simple_fe": 0.1223013707646354,
    "lightgbm_original": 0.06035076307607399,
    "random_forest_original": 0.44848008313770454,
    "extra_trees_original": 0.1535426735597371,
    "hgb_original": 0.04232088526759755,
    "hgb_simple_fe": 0.02817328774430951,
    "xgboost_simple_fe": 0.03300178339584325,
    "gradient_boosting_fe": 0.11182915305409871
  },
  "stable_full_oof": {
    "accuracy": 0.9978125,
    "f1_macro": 0.9917019932497285,
    "balanced_accuracy": 0.995938039390305
  },
  "oof_optimized_full_oof": {
    "accuracy": 0.998125,
    "f1_macro": 0.9926385075878899,
    "balanced_accuracy": 0.9976832400883852
  },
  "holdout_valid_f1_macro_mean": 0.9916136825767043,
  "holdout_valid_f1_macro_std": 0.005662621410598999,
  "holdout_valid_f1_macro_min": 0.9842817316453969
}