seed,label,blend_f1_macro,blend_accuracy,blend_balanced_accuracy,valid_f1_macro,valid_accuracy,valid_balanced_accuracy
7,random_dirichlet,0.9929537344760684,0.9980769230769231,0.9992963940193492,0.9842817316453969,0.9973214285714286,0.9842817316453969
42,random_dirichlet,0.9901674895532623,0.9975961538461539,0.9966082219763384,0.9973675455628745,0.9991071428571429,0.9996735226901731
123,random_dirichlet,0.9901674895532623,0.9975961538461539,0.9966082219763384,0.9947712418300654,0.9982142857142857,0.999347045380346
2026,random_dirichlet,0.9943146779303063,0.9980769230769231,0.996784123471501,0.986939417608046,0.9973214285714286,0.999020568070519
2027,random_dirichlet,0.9887193287234163,0.9971153846153846,0.9939200499333277,0.9947084762371388,0.9991071428571429,0.9996735226901731
