,precision,recall,f1-score,support
class1,0.9789473684210527,1.0,0.9893617021276596,93.0
class2,0.9845360824742269,1.0,0.9922077922077922,191.0
class3,1.0,0.9982853223593965,0.999141925519135,2916.0
accuracy,0.9984375,0.9984375,0.9984375,0.9984375
macro avg,0.9878278169650931,0.9994284407864655,0.9935704732848624,3200.0
weighted avg,0.9984651553174173,0.9984375,0.9984438066947996,3200.0
