,precision,recall,f1-score,support
class1,0.9789473684210527,1.0,0.9893617021276596,93.0
class2,0.9844559585492227,0.9947643979057592,0.9895833333333334,191.0
class3,0.9996565934065934,0.9982853223593965,0.9989704873026767,2916.0
accuracy,0.998125,0.998125,0.998125,0.998125
macro avg,0.9876866401256229,0.9976832400883852,0.9926385075878899,3200.0
weighted avg,0.9981474436624018,0.998125,0.9981309362309826,3200.0
