model_name,f1_macro_mean_over_seeds,f1_macro_std_over_seeds,f1_macro_min_over_seeds,accuracy_mean_over_seeds,balanced_accuracy_mean_over_seeds
lightgbm_original,0.9897638007209565,0.003511259234723361,0.9867671129182527,0.9974999999999999,0.9933243162409546
lightgbm_simple_fe,0.9871623751452329,0.001957047689732321,0.9851210261349787,0.9968749999999998,0.9942770702556086
gradient_boosting_fe,0.9856042713915164,0.0038972858865171513,0.9811386928277406,0.9965625,0.9922783787170296
hgb_simple_fe,0.9831491024384377,0.004265811022608161,0.978245873018021,0.9963541666666665,0.9850909372032062
