slice,model,n_rows,class1_rows,class2_rows,class3_rows,accuracy,macro_f1,balanced_accuracy
all_rows,raw_tree_depth5_oof,3200,93,191,2916,0.9975,0.9880323802323075,0.9921456701623965
binary_pattern_distance_ge_3,raw_tree_depth5_oof,51,2,4,45,1.0,1.0,1.0
continuous_outlier_count_ge_1,raw_tree_depth5_oof,286,53,9,224,0.993006993006993,0.9651718983557549,0.9970238095238096
default_binary_pattern,raw_tree_depth5_oof,1367,49,101,1217,0.9956108266276518,0.9839903044479441,0.9852989675738825
f10_high_q90,raw_tree_depth5_oof,323,92,173,58,0.9814241486068112,0.9738721222245577,0.9676411794102949
f10_high_q90_and_f12_equals_0,raw_tree_depth5_oof,277,83,173,21,0.9783393501805054,0.9385150675876418,0.9166188563778924
f10_low_q10,raw_tree_depth5_oof,331,0,0,331,1.0,1.0,1.0
f12_equals_0,raw_tree_depth5_oof,2807,84,191,2532,0.9971499821873887,0.9870136552410799,0.9912736026480102
f12_equals_1,raw_tree_depth5_oof,393,9,0,384,1.0,1.0,1.0
